{
  "name": "masonry",
  "version": "3.1.4",
  "description": "Cascading grid layout library",
  "main": "masonry.js",
  "dependencies": {
    "get-size": "desandro/get-size#>=1.1.4 <2.0",
    "outlayer": ">=1.1.2 <2.0"
  },
  "devDependencies": {
    "doc-ready": "desandro/doc-ready",
    "qunit": "1.12",
    "jquery": "1.x"
  },
  "homepage": "https://github.com/desandro/masonry",
  "_release": "3.1.4",
  "_resolution": {
    "type": "version",
    "tag": "v3.1.4",
    "commit": "02c1096a272a0c26388ff07988416cd47c16217d"
  },
  "_source": "git://github.com/desandro/masonry.git",
  "_target": "~3.1.0",
  "_originalSource": "masonry"
}