{
  "name": "jquery-bridget",
  "version": "1.0.1",
  "main": "jquery.bridget.js",
  "description": "Bridget makes jQuery widgets",
  "devDependencies": {
    "jquery": ">=1.4.2",
    "qunit": "~1.10"
  },
  "homepage": "https://github.com/desandro/jquery-bridget",
  "_release": "1.0.1",
  "_resolution": {
    "type": "version",
    "tag": "v1.0.1",
    "commit": "8abb66d1f45c16d8360b42e1822d50ecbef215f0"
  },
  "_source": "git://github.com/desandro/jquery-bridget.git",
  "_target": "~1.0",
  "_originalSource": "jquery-bridget"
}